"Nordborg,""Control"",""E2AL"",""ratio"""
7379,10331.2,1679,0.162517422951835
6906,10351.75,1162.8,0.112328833289057
242,10562.3333333333,1363.13,0.129055764193518
6973,10811.0714285714,1450.05555555556,0.134126905472418
7310,11264.3333333333,1429.1625,0.126875018494955
7394,11573.8,2010,0.173668112460903
8214,11603.7333333333,1125.06666666667,0.0969573010984976
7151,12120.3333333333,1265.9,0.104444322213361
6992,12138.3375,590.61,0.0486565808538443
7291,12352.5,1431,0.115846994535519
173,12577.86,974.51,0.0774782037643924
7094,12819.4,1178.6,0.0919387802861288
6744,12920.8888888889,1773.7,0.13727383736929
7188,12956.4444444444,1125.55,0.086871826975851
6924,13059.4111111111,704.744444444444,0.0539644887850141
7346,13338.63,751.7,0.056355112931388
7277,13464.5555555556,1326.6,0.0985253463826834
5381,13499.28,1048.64,0.0776811800333055
7275,13570.8,2048.8,0.150971202876765
7206,13729.8,1484,0.108086060976853
8412,13871.4,1481,0.106766440301628
8387,14140.1,279.87,0.0197926464452161
7258,14167.2857142857,1494.88888888889,0.105516957802404
6932,14392,1167,0.0810867148415787
7080,14442.38,615.48,0.042616244690972
8343,14469.38,1230.11,0.0850147000078787
6898,14558.7444444444,728.88,0.0500647568051886
7337,15019.5444444444,1118.75,0.0744862804686341
7034,15034.3333333333,1170.5,0.0778551315876994
6982,15111.2333333333,1363.22,0.0902123585765117
6946,15126.45,1568.5,0.103692538566551
8275,15207,1092.38,0.0718340238048267
6909,15207.8888888889,2008.5,0.132069612993256
7026,15228.62,1287.64,0.084553951704094
8271,15272.16,2111.8,0.138277755078522
6958,15317.7777777778,1167.4,0.0762120992311039
5380,15352.4,1665.2,0.108465125973789
6970,15375.21,655.59,0.0426394176079546
6911,15443.2,1712.2,0.11087080397845
7139,15453.4,768.2,0.0497107432668539
7163,15502.6,2241.2,0.14456929805323
8304,15525.75,1801,0.116000837318648
6910,15565.76,1277.16,0.0820493185042041
6942,15721.8,1636.2,0.10407205281838
7150,15748.2,1645.2,0.104469082180821
7128,15817.6,1472.33333333333,0.093081967765864
5753,15866.4,1756,0.110674128976958
7078,15959.7666666667,1157.78,0.0725436670962189
7100,15984.1888888889,1771.66666666667,0.110838696851125
96,16237.8,1969.8,0.121309537006245
7011,16248.8,1549.6,0.0953670424892915
258,16385.76,622.84,0.0380110535001123
7110,16529.94,1468.52,0.0888400078887159
7141,16531.8,945.4,0.0571867552232667
7282,16546.75,1529.4,0.0924290268481726
7199,16547.75,1985,0.119955885241196
8215,16594.24,1471.58,0.0886801685404092
7430,16635.42,2390.94,0.143725857237148
6008,16695.4,1499.2,0.0897971896450519
6996,16756.66,1556.38,0.0928812782499615
8325,16848.3333333333,1726.6,0.10247897912751
7123,16871.82,1462.36,0.0866747037367634
7158,16883.6,1501.62,0.0889395626525149
178,16901,2379.4,0.140784568960417
7165,17055.48,1463.4,0.0858023344989411
328,17194,1643.4,0.0955798534372456
8378,17260.66,505.36,0.0292781388428948
6916,17357,1691.8,0.0974707610762229
7244,17485.8555555556,2037.86,0.116543339473746
7408,17541,1337.8,0.0762670315261388
5896,17556.36,1529.52,0.0871205648551294
6005,17568.6,3398.2,0.193424632583131
7004,17665.32,1322.7,0.0748755188131322
7147,17723.3,1740.62,0.0982108298116039
8329,17768.4,1084.8,0.0610522050381576
7411,17769.225,1228.68,0.069146515956661
7397,17783.4,1659,0.0932892472755491
7340,17833.8,2351.6,0.131861969967141
6940,17861.6,578.6,0.0323935145787611
7105,17889.28,2010.94,0.112410337364053
8310,17999,1783.4,0.099083282404578
7098,18011.2,2056.2,0.114162299013947
6939,18029.2,1458.4,0.0808909990459921
66,18057,1553,0.086005427258127
8244,18119.59,1331.61111111111,0.0734901347718745
7201,18347.8,1593,0.0868223983256848
7418,18392.4,2245.8,0.122104782410126
7490,18594,1688.8,0.0908249973109605
8374,18692.2,1731.4,0.092626871101315
7178,18891.5,2053.6,0.108704973136066
8296,18942.4,2286,0.120681645409241
6904,19026.3875,1544.42222222222,0.0811726462641539
7145,19042.68,914,0.0479974457376798
6937,19047.86,3386.6,0.177794250902726
6448,19130,2872.8,0.150172503920544
7031,19343.82,1362.12,0.0704162879927543
8354,19651.46,1863.66,0.09483570177483
8420,19771.85,1995.68,0.100935420812923
8314,19965,4185,0.20961682945154
7062,20072.4,1538.4,0.076642553954684
7231,20112.2,1307,0.0649854317280059
6907,20253.46,1496.58,0.073892559592287
6977,20286.8,1444,0.0711792889958002
8365,20634,2403.4,0.116477658233983
7333,20963.5,2317.25,0.110537362558733
6039,21139.74,1629.78,0.0770955555744773
7373,21497.84,536.06,0.0249355284065748
7520,21683.08,1368.64,0.0631201840328957
7280,21994,1433.4,0.065172319723561
6926,23252.6,2147.8,0.0923681652804418
7472,23278.2,2656.2,0.114106760832023
6944,23501.6,3115.2,0.132552677264527
7224,24571.4,3265,0.132878061486118
5719,24766.38,1813.16,0.0732105378339507
6936,25340.54,997.64,0.0393693267783559
