accession_id	phenotype_value
7515	6.39447491201115
7000	12.3674664332785
6990	4.70199110114933
6996	8.07975391076518
7002	5.73018041833005
7011	3.01407163019985
7035	7.31374652204252
7026	8.31048381313318
7031	11.0241008766895
6727	3.05592562541429
6729	8.7726288669489
6730	3.93567977355945
6908	3.93567977355945
7075	10.4421887228223
7080	12.4729871383841
6744	8.02909286243204
7094	11.7836202869103
7100	10.5270642422701
7098	8.53145952240306
7102	23.5285540282037
7110	8.55945561435879
7123	13.1425603872085
7126	8.8179286595866
7128	10.5730754066075
7141	12.532264408472
7143	11.876363883358
7147	14.3673165470985
7151	9.17150942561158
7163	12.3045925726847
7164	50.0606880575807
7169	14.7741552147565
7424	10.9851241127018
7178	6.39222987562068
7188	34.0988291574301
7199	18.7563939116199
7201	12.821749002397
7206	7.49137227942447
7205	15.0527351081874
7224	6.10600124466317
7227	6.44178369653503
7229	6.32173551788277
7231	2.56865676789247
7252	11.2798803521763
7255	6.62091454744664
7446	5.24796611313167
7273	9.55948089969183
7275	9.55948089969183
7258	10.3698973157722
8348	10.3698973157722
7260	8.94809751289951
7263	6.30843653020148
7277	13.6253417999354
7280	11.3095209787182
7282	8.01588624826607
7291	16.5649001860124
7479	13.3478918573119
7496	12.5621017713445
7498	13.6654711804927
7502	25.6681374439321
7507	10.1720244664892
7508	13.4340289244993
7307	17.2014988803614
6953	7.43883492498388
7316	5.73092803699493
7330	11.1495224413088
7333	6.81909460650047
7331	3.15341329144894
7337	9.12623871456393
7343	9.34865046919909
7346	9.89862314261258
7353	5.30550889072763
7355	12.8350960551072
7373	8.73091759137846
7382	17.5702717778077
7390	2.23411466477342
7391	4.64039104311582
7411	12.2067637397843
7397	6.61112478589171
7408	8.1134962539052
8610	12.620081939997
8796	4.88691258226472
8692	3.70147832093878
NA	4.5045663256389
6897	5.85064652708296
6988	7.1117799124837
1	10.3444966542911
2	11.841034277796
5832	14.5017007107918
NA	11.4506239563046
6899	17.253177548844
957	17.0324057267683
6709	7.38811027641951
7015	18.849415172803
8264	18.849415172803
7034	17.2652159207862
8265	17.2652159207862
5837	17.701055251639
6904	8.36387609494872
NA	14.461087774926
7036	5.3181905435376
8271	5.3181905435376
NA	8.16093812135871
5719	14.2185243438686
6905	14.2185243438686
7058	14.2185243438686
6906	14.7163700069281
66	19.283675471231
7063	20.6416857653635
8274	20.6416857653635
6907	6.64604147046723
NA	7.11562680268117
6909	11.3670326701909
6910	4.68835096585071
7067	4.68835096585071
81	6.18517909154318
6911	7.13271207049839
8283	20.3704932116481
8.94276633127734	1-14
8.24330804490755	1-5
16.383254597923	1-7
6.3719778952247	6-16
6.40569836921699	6-35
6008	11.5476102739363
6913	12.108051934133
6914	10.6365959236545
7111	10.6365959236545
6916	9.06252579965119
8215	16.4645244118626
9941	16.4645244118626
NA	9.15973143243071
NA	17.1114443784553
NA	24.0477580033863
6919	14.2310645319567
7161	10.8750274776718
8296	10.8750274776718
6921	3.40202725288735
430	3.19511113209011
8300	3.19511113209011
8234	6.20445252962444
8214	6.1000132807999
8235	8.71165976365243
8306	10.8859614462653
7162	7.24134267626254
8310	7.24134267626254
8236	4.19509077069848
8311	6.30754159416805
91	4.96743975385977
8314	2.89521994212324
7183	5.04218453814084
1716	7.53785042001341
NA	14.3669650567471
8239	25.8881699022634
8240	15.6455177855262
94	25.0039647402924
96	19.393823384255
8323	29.5131454026555
116	12.5126721823516
126	13.331842389596
149	12.8713202127408
641	31.2372706243014
8241	10.4883168622411
NA	27.9408704594681
8325	23.2660661757789
8326	6.86454816438535
8222	5.91429095897559
8430	2.3121138368143
6933	3.16664262631103
7217	3.76172367975548
8329	3.76172367975548
6042	4.33152274211252
NA	7.38654605146499
7520	4.0798004564645
7521	4.39738608842633
6936	7.6066759638892
2057	7.08083370048565
166	15.0784744694495
173	6.84942843780733
178	7.70548979483535
1925	4.56187286285936
1859	8.2325291788451
1867	5.11608142264613
242	6.21788852258912
7522	4.93424990786384
6937	10.6921877233839
6939	11.0530909787273
6940	11.6947910844533
7438	11.212755083553
8343	14.5345975511477
8246	7.92259706001891
6942	4.19256354367594
6943	8.35498338565514
6944	9.27611119172812
10.8911462830496	2-1
NA	8.19898084908794
8351	6.7296874590185
6946	7.09439586035704
7288	7.09439586035704
8353	11.2390065220521
259	8.06253074636481
260	12.4068530449165
2150	10.9177934098874
2187	5.96317275944126
8354	6.14336751227647
7296	19.2953504413722
8244	15.3833125023621
7523	9.35726313239566
8213	5.34611830686482
6951	4.52248290150063
8365	16.5621572947941
NA	16.8174577090171
7525	7.94425404862953
7322	11.0256948083975
8374	11.0256948083975
8376	6.48657302307204
8378	8.96567935927557
7340	8.83536689724812
8412	8.83536689724812
6961	10.6212993843955
6962	16.8890727417134
2274	6.92364153622927
6967	7.75040397558516
8387	8.03482825677098
2290	12.0309107288689
6094	10.5061166450225
6096	11.4490995964083
6100	5.4746872831463
7349	13.3993852257779
8389	13.3993852257779
